[
    {
      "fpr_values": 0,
      "tpr_values": 0
    },
    {
      "fpr_values": 0,
      "tpr_values": 0.015151515151515152
    },
    {
      "fpr_values": 0,
      "tpr_values": 0.45454545454545453
    },
    {
      "fpr_values": 0.004032258064516129,
      "tpr_values": 0.45454545454545453
    },
    {
      "fpr_values": 0.004032258064516129,
      "tpr_values": 0.5606060606060606
    },
    {
      "fpr_values": 0.008064516129032258,
      "tpr_values": 0.5606060606060606
    },
    {
      "fpr_values": 0.008064516129032258,
      "tpr_values": 0.6060606060606061
    },
    {
      "fpr_values": 0.016129032258064516,
      "tpr_values": 0.6060606060606061
    },
    {
      "fpr_values": 0.016129032258064516,
      "tpr_values": 0.6136363636363636
    },
    {
      "fpr_values": 0.020161290322580645,
      "tpr_values": 0.6136363636363636
    },
    {
      "fpr_values": 0.020161290322580645,
      "tpr_values": 0.6666666666666666
    },
    {
      "fpr_values": 0.024193548387096774,
      "tpr_values": 0.6666666666666666
    },
    {
      "fpr_values": 0.024193548387096774,
      "tpr_values": 0.6742424242424242
    },
    {
      "fpr_values": 0.028225806451612902,
      "tpr_values": 0.6742424242424242
    },
    {
      "fpr_values": 0.028225806451612902,
      "tpr_values": 0.696969696969697
    },
    {
      "fpr_values": 0.036290322580645164,
      "tpr_values": 0.696969696969697
    },
    {
      "fpr_values": 0.036290322580645164,
      "tpr_values": 0.7272727272727273
    },
    {
      "fpr_values": 0.04032258064516129,
      "tpr_values": 0.7272727272727273
    },
    {
      "fpr_values": 0.04032258064516129,
      "tpr_values": 0.7651515151515151
    },
    {
      "fpr_values": 0.04435483870967742,
      "tpr_values": 0.7651515151515151
    },
    {
      "fpr_values": 0.04435483870967742,
      "tpr_values": 0.7803030303030303
    },
    {
      "fpr_values": 0.05241935483870968,
      "tpr_values": 0.7803030303030303
    },
    {
      "fpr_values": 0.05241935483870968,
      "tpr_values": 0.8106060606060606
    },
    {
      "fpr_values": 0.06048387096774194,
      "tpr_values": 0.8106060606060606
    },
    {
      "fpr_values": 0.06048387096774194,
      "tpr_values": 0.8181818181818182
    },
    {
      "fpr_values": 0.07258064516129033,
      "tpr_values": 0.8181818181818182
    },
    {
      "fpr_values": 0.07258064516129033,
      "tpr_values": 0.8333333333333334
    },
    {
      "fpr_values": 0.08064516129032258,
      "tpr_values": 0.8333333333333334
    },
    {
      "fpr_values": 0.08064516129032258,
      "tpr_values": 0.8484848484848485
    },
    {
      "fpr_values": 0.08870967741935484,
      "tpr_values": 0.8484848484848485
    },
    {
      "fpr_values": 0.08870967741935484,
      "tpr_values": 0.8560606060606061
    },
    {
      "fpr_values": 0.10080645161290322,
      "tpr_values": 0.8560606060606061
    },
    {
      "fpr_values": 0.10080645161290322,
      "tpr_values": 0.8787878787878788
    },
    {
      "fpr_values": 0.10887096774193548,
      "tpr_values": 0.8787878787878788
    },
    {
      "fpr_values": 0.10887096774193548,
      "tpr_values": 0.8939393939393939
    },
    {
      "fpr_values": 0.12096774193548387,
      "tpr_values": 0.8939393939393939
    },
    {
      "fpr_values": 0.12096774193548387,
      "tpr_values": 0.9015151515151515
    },
    {
      "fpr_values": 0.12903225806451613,
      "tpr_values": 0.9015151515151515
    },
    {
      "fpr_values": 0.12903225806451613,
      "tpr_values": 0.9090909090909091
    },
    {
      "fpr_values": 0.13709677419354838,
      "tpr_values": 0.9090909090909091
    },
    {
      "fpr_values": 0.13709677419354838,
      "tpr_values": 0.9166666666666666
    },
    {
      "fpr_values": 0.18548387096774194,
      "tpr_values": 0.9166666666666666
    },
    {
      "fpr_values": 0.18548387096774194,
      "tpr_values": 0.9242424242424242
    },
    {
      "fpr_values": 0.1935483870967742,
      "tpr_values": 0.9242424242424242
    },
    {
      "fpr_values": 0.1935483870967742,
      "tpr_values": 0.9318181818181818
    },
    {
      "fpr_values": 0.1975806451612903,
      "tpr_values": 0.9318181818181818
    },
    {
      "fpr_values": 0.1975806451612903,
      "tpr_values": 0.9393939393939394
    },
    {
      "fpr_values": 0.21370967741935484,
      "tpr_values": 0.9393939393939394
    },
    {
      "fpr_values": 0.21370967741935484,
      "tpr_values": 0.9545454545454546
    },
    {
      "fpr_values": 0.22983870967741934,
      "tpr_values": 0.9545454545454546
    },
    {
      "fpr_values": 0.22983870967741934,
      "tpr_values": 0.9621212121212122
    },
    {
      "fpr_values": 0.24596774193548387,
      "tpr_values": 0.9621212121212122
    },
    {
      "fpr_values": 0.24596774193548387,
      "tpr_values": 0.9696969696969697
    },
    {
      "fpr_values": 0.3346774193548387,
      "tpr_values": 0.9696969696969697
    },
    {
      "fpr_values": 0.3346774193548387,
      "tpr_values": 0.9772727272727273
    },
    {
      "fpr_values": 0.3951612903225806,
      "tpr_values": 0.9772727272727273
    },
    {
      "fpr_values": 0.3951612903225806,
      "tpr_values": 0.9848484848484849
    },
    {
      "fpr_values": 0.4112903225806452,
      "tpr_values": 0.9848484848484849
    },
    {
      "fpr_values": 0.4112903225806452,
      "tpr_values": 0.9924242424242424
    },
    {
      "fpr_values": 0.4798387096774194,
      "tpr_values": 0.9924242424242424
    },
    {
      "fpr_values": 0.4798387096774194,
      "tpr_values": 1
    },
    {
      "fpr_values": 1,
      "tpr_values": 1
    }
  ]